{
  "version": 1,
  "packs": [
    { "id": "core", "name": "Core Pack", "free": true, "assets": ["star", "heart", "sparkle", "stripe"] },
    { "id": "royal", "name": "Royal Court", "price": 9.99, "assets": ["crown", "gem", "lace"] }
  ],
  "assets": [
    { "id": "star", "kind": "decal", "label": "Star", "svg": "M10 0 L12 6 L18 6 L13 10 L15 16 L10 12 L5 16 L7 10 L2 6 L8 6 Z", "tags": ["classic","fun"], "packId": "core" },
    { "id": "heart", "kind": "decal", "label": "Heart", "svg": "M10 18 L2 10 A4 4 0 0 1 10 4 A4 4 0 0 1 18 10 Z", "tags": ["romance"], "packId": "core" },
    { "id": "sparkle", "kind": "effect", "label": "Sparkle", "svg": "M0 0 L4 0 L2 2 Z", "tags": ["shine"], "packId": "core" },
    { "id": "stripe", "kind": "decal", "label": "Stripe", "svg": "M0 0 L0 20 L3 20 L3 0 Z", "tags": ["bold"], "packId": "core" },
    { "id": "crown", "kind": "decal", "label": "Crown", "svg": "M0 18 L20 18 L17 10 L14 14 L10 8 L6 14 L3 10 Z", "tags": ["royal"], "packId": "royal" },
    { "id": "gem", "kind": "decal", "label": "Gem", "svg": "M10 0 L20 10 L10 20 L0 10 Z", "tags": ["royal","shine"], "packId": "royal" },
    { "id": "lace", "kind": "effect", "label": "Lace", "svg": "M0 0 Q10 10 20 0 Q10 10 0 0 Z", "tags": ["delicate"], "packId": "royal" }
  ]
}